Волонтерська допомога,Volunteer assistance,Dobrovolnictví,Допомога літнім людям,Helping elderly people,Pomoc starším lidem
Волонтерська допомога,Volunteer assistance,Dobrovolnictví,Транспортні перевезення,Transportation,Doprava a přeprava
Волонтерська допомога,Volunteer assistance,Dobrovolnictví,Доставка пального,Delivery of fuel,Dodávka paliva
Волонтерська допомога,Volunteer assistance,Dobrovolnictví,Надання або пошук житла,Giving or searching for housing,Poskytnutí nebo vyhledání ubytování
Волонтерська допомога,Volunteer assistance,Dobrovolnictví,Доставка їжі,Delivery of food,Rozvoz jídla
Волонтерська допомога,Volunteer assistance,Dobrovolnictví,Доставка медикаментів,Delivery of medicines,Dodávka léků
Волонтерська допомога,Volunteer assistance,Dobrovolnictví,Психологічна допомога,Psychological help,Psychologická pomoc
Волонтерська допомога,Volunteer assistance,Dobrovolnictví,Допомога тваринам,Assistance to animals,Pomoc zvířatům
Кур'єрські послуги,Courier services,Kurýrní služby,Кур'єрська доставка,Courier delivery,Kurýrní doručování
Кур'єрські послуги,Courier services,Kurýrní služby,Доставка продуктів,Product delivery,Doručení potravin
Кур'єрські послуги,Courier services,Kurýrní služby,Доставка готової їжі,Delivery of finished food,Doručení hotových jídel
Кур'єрські послуги,Courier services,Kurýrní služby,Доставка ліків,Delivery of medication,Doručení léků
Кур'єрські послуги,Courier services,Kurýrní služby,Кур'єр на авто,A courier on a car,Rozvoz autem
Кур'єрські послуги,Courier services,Kurýrní služby,Доставка товару з інтернетмагазину,Delivery of goods from the online store,Doručení zboží z internetového obchodu
Кур'єрські послуги,Courier services,Kurýrní služby,Доставка документів,Delivery of documents,Doručení dokumentů
Кур'єрські послуги,Courier services,Kurýrní služby,Доставка подарунків,Delivery of gifts,Doručení dárků
Кур'єрські послуги,Courier services,Kurýrní služby,Доставка квітів,Delivery of flowers,Doručení květin
Кур'єрські послуги,Courier services,Kurýrní služby,Відправити поїздом або маршруткою,Send by train or shuttle bus,Odeslání vlakem nebo autobusem
Кур'єрські послуги,Courier services,Kurýrní služby,Забрати і відправити поштою,Pick up and send by mail,Vyzvednutí a zaslání poštou
Кур'єрські послуги,Courier services,Kurýrní služby,Знайти,Find,Najít
Кур'єрські послуги,Courier services,Kurýrní služby,Постояти в черзі,Stand in the queue,Stát ve frontě
Кур'єрські послуги,Courier services,Kurýrní služby,Інші кур'єрські послуги,Other courier services,Ostatní kurýrní služby
Клінінгові послуги,Cleaning services,Úklidové služby,Прибирання квартир,Cleaning of apartments,Úklid bytů
Клінінгові послуги,Cleaning services,Úklidové služby,Генеральне прибирання,spring cleaning,Generální úklid bytů
Клінінгові послуги,Cleaning services,Úklidové služby,Прибирання після ремонту,Cleaning after repair,Úklid po rekonstrukci
Клінінгові послуги,Cleaning services,Úklidové služby,Хімчистка,Dry cleaner's,Chemické čištění
Клінінгові послуги,Cleaning services,Úklidové služby,Хімчистка меблів,Dry cleaning of furniture,Chemické čištění nábytku
Клінінгові послуги,Cleaning services,Úklidové služby,Хімчистка килимів,Dry cleaning of carpets,Chemické čištění koberců
Клінінгові послуги,Cleaning services,Úklidové služby,Хімчистка одягу,Dry cleaning of clothes,Chemické čištění oděvů
Клінінгові послуги,Cleaning services,Úklidové služby,Хімчистка текстилю,Textile dry cleaning,Chemické čištění textilií
Клінінгові послуги,Cleaning services,Úklidové služby,Хімчистка хутряних виробів,Dry cleaning of fur products,Chemické čištění kožešinových výrobků
Клінінгові послуги,Cleaning services,Úklidové služby,Хімчистка шкіряних виробів,Dry cleaning of leather products,Chemické čištění kožené galanterie
Клінінгові послуги,Cleaning services,Úklidové služby,Інше в послугах хімчистки,Other in Dry Cherry Services,Ostatní služby chemického čištění
Клінінгові послуги,Cleaning services,Úklidové služby,Прибирання котеджів і будинків,Cleaning cottages and houses,Úklid chat a domů
Клінінгові послуги,Cleaning services,Úklidové služby,Мийка вікон,Window sink,Mytí oken
Клінінгові послуги,Cleaning services,Úklidové služby,Миття фасадів,Washing of facades,Mytí fasád
Клінінгові послуги,Cleaning services,Úklidové služby,Екоприбирання,Eco -picking,Ekologické čištění
Клінінгові послуги,Cleaning services,Úklidové služby,Прибирання офісів,Cleaning offices,Úklid kanceláří
Клінінгові послуги,Cleaning services,Úklidové služby,Прибирання ресторанів,Cleaning restaurants,Úklid restaurací
Клінінгові послуги,Cleaning services,Úklidové služby,Прибирання магазинів,Cleaning stores,Úklid obchodů
Клінінгові послуги,Cleaning services,Úklidové služby,Прибирання прилеглих територій,Cleaning of adjacent areas,Úklid přilehlých území
Клінінгові послуги,Cleaning services,Úklidové služby,Дезінсекція,Disinsection,Dezinfekce
Клінінгові послуги,Cleaning services,Úklidové služby,Дезінфекція приміщень,Disinfection of premises,Dezinfekce prostor
Клінінгові послуги,Cleaning services,Úklidové služby,Дератизація,Deratization,Deratizace
Клінінгові послуги,Cleaning services,Úklidové služby,Озонування приміщень,Ozonation of premises,Ozonizace prostor
Клінінгові послуги,Cleaning services,Úklidové služby,Прибирання після потопів і пожеж,Cleaning after floods and fires,Úklid po povodních a požárech
Клінінгові послуги,Cleaning services,Úklidové služby,Прибирання виробничих приміщень,Cleaning of production facilities,Čištění průmyslových prostor
Клінінгові послуги,Cleaning services,Úklidové služby,Організація простору,Organization of space,Organizace prostoru
Клінінгові послуги,Cleaning services,Úklidové služby,Інше прибирання,Other cleaning,Ostatní čištění
Домашній майстер,Home master,Řemeslník pro domácnost,Сантехнік,Plumbing,Instalatér
Домашній майстер,Home master,Řemeslník pro domácnost,Електрик,Electrician,Elektrikář
Домашній майстер,Home master,Řemeslník pro domácnost,Чоловік на годину,A man for an hour,Manžel na hodinu
Домашній майстер,Home master,Řemeslník pro domácnost,Столяр,Joiner,Tesař
Домашній майстер,Home master,Řemeslník pro domácnost,Слюсар,Locksmith,Zámečník
Домашній майстер,Home master,Řemeslník pro domácnost,Установка побутової техніки,Installation of home appliances,Instalace domácích spotřebičů
Домашній майстер,Home master,Řemeslník pro domácnost,Інші послуги майстра,Other services of the master,Další služby řemeslníka
Транспортні та складські послуги,Transport and warehouse services,Dopravní a skladové služby,Транспортні та складські послуги,Transport and warehouse services,Dopravní a skladové služby
Транспортні та складські послуги,Transport and warehouse services,Dopravní a skladové služby,Вантажні перевезення,Freight transportation,Nákladní doprava
Транспортні та складські послуги,Transport and warehouse services,Dopravní a skladové služby,Послуги вантажників,Services of loaders,Služby závozníka
Транспортні та складські послуги,Transport and warehouse services,Dopravní a skladové služby,Вивіз будівельного сміття,Export construction debris,Odvoz stavebního odpadu
Транспортні та складські послуги,Transport and warehouse services,Dopravní a skladové služby,Перевезення меблів і техніки,Transportation of furniture and appliances,Přeprava nábytku a vybavení
Транспортні та складські послуги,Transport and warehouse services,Dopravní a skladové služby,Переїзд квартири або офісу,Moving an apartment or office,Stěhování bytu nebo kanceláře
Транспортні та складські послуги,Transport and warehouse services,Dopravní a skladové služby,Послуги таксі,Taxi services,Taxislužby
Транспортні та складські послуги,Transport and warehouse services,Dopravní a skladové služby,Тверезий водій,A sober driver,Střízlivý řidič
Транспортні та складські послуги,Transport and warehouse services,Dopravní a skladové služby,Пасажирські перевезення,Passenger transportation,Přeprava cestujících
Транспортні та складські послуги,Transport and warehouse services,Dopravní a skladové služby,Міжміські перевезення,Long -distance transportation,Přeprava na dlouhé vzdálenosti
Транспортні та складські послуги,Transport and warehouse services,Dopravní a skladové služby,Упаковка і сортування,Packaging and sorting,Balení a třídění
Транспортні та складські послуги,Transport and warehouse services,Dopravní a skladové služby,Послуги складу,Composition services,Skladové služby
Транспортні та складські послуги,Transport and warehouse services,Dopravní a skladové služby,Міжнародні перевезення,International transportation,Mezinárodní doprava
Транспортні та складські послуги,Transport and warehouse services,Dopravní a skladové služby,Вивіз снігу,Removed the snow,Odvoz sněhu
Транспортні та складські послуги,Transport and warehouse services,Dopravní a skladové služby,Митне оформлення,Customs clearance,Celní odbavení
Транспортні та складські послуги,Transport and warehouse services,Dopravní a skladové služby,Послуги експедитора,Services of the freight forwarder,Zasílatelské služby
Транспортні та складські послуги,Transport and warehouse services,Dopravní a skladové služby,Інші логістичні та складські послуги,Other logistics and warehouse services,Ostatní logistické a skladové služby
Меблеві роботи,Furniture works,Práce s nábytkem,Виготовлення меблів,Making furniture,Výroba nábytku
Меблеві роботи,Furniture works,Práce s nábytkem,Ремонт меблів,Repair of furniture,Oprava nábytku
Меблеві роботи,Furniture works,Práce s nábytkem,Збирання меблів,Collection of furniture,Montáž nábytku
Меблеві роботи,Furniture works,Práce s nábytkem,Реставрація меблів,Restoration of furniture,Restaurování nábytku
Меблеві роботи,Furniture works,Práce s nábytkem,Перетяжка меблів,Furniture constriction,Čalounění nábytku
Меблеві роботи,Furniture works,Práce s nábytkem,Збирання меблів IKEA,Ikea furniture,Montáž nábytku IKEA
Меблеві роботи,Furniture works,Práce s nábytkem,Швачка м'яких меблів,Seamstress soft furniture,Švadlena čalouněného nábytku
Меблеві роботи,Furniture works,Práce s nábytkem,Інші меблеві роботи,Other furniture work,Ostatní nábytkářské práce
Ремонт побутової техніки,Repair of household appliances,Oprava domácích spotřebičů,Ремонт пральних машин,Repair of washing machines,Oprava pračky
Ремонт побутової техніки,Repair of household appliances,Oprava domácích spotřebičů,Ремонт холодильників,Repair of refrigerators,Oprava chladničky
Ремонт побутової техніки,Repair of household appliances,Oprava domácích spotřebičů,Ремонт посудомийних машин,Repair of dishwashers,Oprava myčky nádobí
Ремонт побутової техніки,Repair of household appliances,Oprava domácích spotřebičů,Ремонт бойлерів,Repair of boilers,Oprava kotlů
Ремонт побутової техніки,Repair of household appliances,Oprava domácích spotřebičů,Ремонт кондиціонерів,Air conditioning repair,Oprava klimatizace
Ремонт побутової техніки,Repair of household appliances,Oprava domácích spotřebičů,Інший ремонт великої побутової техніки,Another repair of large appliances,Ostatní opravy velkých domácích spotřebičů
Ремонт побутової техніки,Repair of household appliances,Oprava domácích spotřebičů,Ремонт кавоварок,Repair of coffee machines,Oprava kávovaru
Ремонт побутової техніки,Repair of household appliances,Oprava domácích spotřebičů,Ремонт швейних машин,Repair of sewing machines,Oprava šicího stroje
Ремонт побутової техніки,Repair of household appliances,Oprava domácích spotřebičů,Інший ремонт дрібної побутової техніки,Another repair of small appliances,Ostatní opravy malých domácích spotřebičů
Комп'ютерна допомога,Computers help,Pomoc s počítačem,Ремонт ноутбуків,Repair of laptops,Opravy notebooků
Комп'ютерна допомога,Computers help,Pomoc s počítačem,Установка Windows,Installation of Windows,Instalace systému Windows
Комп'ютерна допомога,Computers help,Pomoc s počítačem,Встановлення та налаштування програм,Setting and setting up app,Instalace a konfigurace programů
Комп'ютерна допомога,Computers help,Pomoc s počítačem,Ремонт комп'ютерів,Repair of computers,Oprava počítačů
Комп'ютерна допомога,Computers help,Pomoc s počítačem,Ремонт комплектуючих,Repair of components,Oprava součástí
Комп'ютерна допомога,Computers help,Pomoc s počítačem,Підключення і настройка Інтернету,Connecting and setting up the Internet,Připojení a nastavení Internetu
Комп'ютерна допомога,Computers help,Pomoc s počítačem,Налаштування,Setting up,Nastavení
Комп'ютерна допомога,Computers help,Pomoc s počítačem,Видалення вірусів,Removal of viruses,Odstranění virů
Комп'ютерна допомога,Computers help,Pomoc s počítačem,Відновлення даних,Data Restoration,Obnova dat
Комп'ютерна допомога,Computers help,Pomoc s počítačem,Чистка від пилу,Dust cleaning,Čištění od prachu
Комп'ютерна допомога,Computers help,Pomoc s počítačem,Діагностика ноутбуків і ПК,Diagnosis of laptops and PCs,Diagnostika notebooků a počítačů
Комп'ютерна допомога,Computers help,Pomoc s počítačem,Встановлення і налаштування серверів,Setting and setting up servers,Instalace a konfigurace serverů
Комп'ютерна допомога,Computers help,Pomoc s počítačem,Ремонт моніторів,Repair of monitors,Oprava monitorů
Комп'ютерна допомога,Computers help,Pomoc s počítačem,Інший ремонт ноутбуків і ПК,Another repair of laptops and PCs,Ostatní opravy notebooků a počítačů
Ремонт цифрової техніки,Repair of digital equipment,Oprava digitálních zařízení,Ремонт телевізорів,Repair of TVs,Oprava televize
Ремонт цифрової техніки,Repair of digital equipment,Oprava digitálních zařízení,Ремонт навушників,Repair of headphones,Oprava sluchátek
Ремонт цифрової техніки,Repair of digital equipment,Oprava digitálních zařízení,Ремонт смартгодинників,Repair of smart people,Oprava chytrých hodinek
Ремонт цифрової техніки,Repair of digital equipment,Oprava digitálních zařízení,Ремонт повербанків,Repair of returns,Oprava power banky
Ремонт цифрової техніки,Repair of digital equipment,Oprava digitálních zařízení,Ремонт аудіосистем,Repair of audio systems,Oprava audiosystému
Ремонт цифрової техніки,Repair of digital equipment,Oprava digitálních zařízení,Ремонт автомагнітол,Repair of auto,Oprava autorádia
Ремонт цифрової техніки,Repair of digital equipment,Oprava digitálních zařízení,Ремонт ігрових приставок,Repair of game consoles,Oprava herních konzolí
Ремонт цифрової техніки,Repair of digital equipment,Oprava digitálních zařízení,Ремонт фотоапаратів,Repair of cameras,Oprava fotoaparátu
Ремонт цифрової техніки,Repair of digital equipment,Oprava digitálních zařízení,Ремонт планшетів,Repair of tablets,Oprava tabletu
Ремонт цифрової техніки,Repair of digital equipment,Oprava digitálních zařízení,Ремонт підсилювачів,Repair of amplifiers,Oprava zesilovače
Ремонт цифрової техніки,Repair of digital equipment,Oprava digitálních zařízení,Ремонт відео і радіоняні,Video repair and radio,Oprava kamer a dětských chůviček
Ремонт цифрової техніки,Repair of digital equipment,Oprava digitálních zařízení,Ремонт відеореєстраторів,Repair of DVR,Oprava videozáznamníku
Ремонт цифрової техніки,Repair of digital equipment,Oprava digitálních zařízení,Ремонт безперебійника,Uninterrupted repair,Oprava záložního zdroje
Ремонт цифрової техніки,Repair of digital equipment,Oprava digitálních zařízení,Ремонт навігаторів,Repair of navigators,Oprava navigátoru
Ремонт цифрової техніки,Repair of digital equipment,Oprava digitálních zařízení,Ремонт електронних книг,Repair of ebooks,Oprava elektronických knih
Ремонт цифрової техніки,Repair of digital equipment,Oprava digitálních zařízení,Ремонт відеокамер,Repair of camcorders,Oprava videokamer
Ремонт цифрової техніки,Repair of digital equipment,Oprava digitálních zařízení,Ремонт плеєрів,Repair of players,Oprava přehrávače
Ремонт цифрової техніки,Repair of digital equipment,Oprava digitálních zařízení,Інший ремонт цифрової техніки,Another digital equipment repair,Ostatní opravy digitálních zařízení
Ремонт мобільних телефонів,Repair of mobile phones,Oprava mobilních telefonů,Ремонт iPhone,Iphone repair,Oprava iPhonu
Ремонт мобільних телефонів,Repair of mobile phones,Oprava mobilních telefonů,Ремонт Samsung,Samsung repair,Oprava Samsung
Ремонт мобільних телефонів,Repair of mobile phones,Oprava mobilních telefonů,Ремонт Xiaomi,Xiaomi repair,Oprava Xiaomi
Ремонт мобільних телефонів,Repair of mobile phones,Oprava mobilních telefonů,Ремонт Huawei,Huawei repair,Oprava Huawei
Ремонт мобільних телефонів,Repair of mobile phones,Oprava mobilních telefonů,Ремонт LG,Repair LG,Oprava LG
Ремонт мобільних телефонів,Repair of mobile phones,Oprava mobilních telefonů,Ремонт Sony,Sony repair,Oprava Sony
Ремонт мобільних телефонів,Repair of mobile phones,Oprava mobilních telefonů,Ремонт Google Pixel,Google Pixel repair,Oprava zařízení Google Pixel
Ремонт мобільних телефонів,Repair of mobile phones,Oprava mobilních telefonů,Ремонт HTC,HTC repair,Oprava HTC
Ремонт мобільних телефонів,Repair of mobile phones,Oprava mobilních telefonů,Ремонт Meizu,MEIZU repair,Oprava Meizu
Ремонт мобільних телефонів,Repair of mobile phones,Oprava mobilních telefonů,Ремонт Realme,Realme repair,Oprava Realme
Ремонт мобільних телефонів,Repair of mobile phones,Oprava mobilních telefonů,Ремонт Nokia,Nokia repair,Oprava zařízení Nokia
Ремонт мобільних телефонів,Repair of mobile phones,Oprava mobilních telefonů,Ремонт Blackview,Repair BlackView,Oprava Blackview
Ремонт мобільних телефонів,Repair of mobile phones,Oprava mobilních telefonů,Ремонт інших телефонів,Repair of other phones,Oprava ostatních telefonů
Обслуговування техніки,Maintenance of equipment,Údržba přístrojů,Обслуговування бойлерів,Boiler service,Údržba kotlů
Обслуговування техніки,Maintenance of equipment,Údržba přístrojů,Обслуговування пральних машин,Maintenance of washing machines,Údržba praček
Обслуговування техніки,Maintenance of equipment,Údržba přístrojů,Обслуговування посудомийних машин,Maintenance of dishwasher,Údržba myček nádobí
Обслуговування техніки,Maintenance of equipment,Údržba přístrojů,Обслуговування холодильників,Maintenance of refrigerators,Údržba chladniček
Обслуговування техніки,Maintenance of equipment,Údržba přístrojů,Заправка кондиціонерів,Air conditioning,Doplňování paliva do klimatizací
Обслуговування техніки,Maintenance of equipment,Údržba přístrojů,Обслуговування кондиціонерів,Air conditioning,Údržba klimatizací
Обслуговування техніки,Maintenance of equipment,Údržba přístrojů,Інше обслуговування техніки,Other maintenance of equipment,Ostatní údržba zařízení
Налаштування супутникового ТБ,Setting up satellite TV,Nastavení satelitní televize,Встановлення супутникового ТБ,Installation of satellite TV,Instalace satelitní televize
Налаштування супутникового ТБ,Setting up satellite TV,Nastavení satelitní televize,Ремонт супутникових антен,Repair of satellite antennas,Opravy satelitních antén
Налаштування супутникового ТБ,Setting up satellite TV,Nastavení satelitní televize,Монтаж супутникових антен,Installation of satellite antennas,Instalace satelitních antén
Налаштування супутникового ТБ,Setting up satellite TV,Nastavení satelitní televize,Налаштування тюнера,Tuner adjustment,Ladění tuneru
Налаштування супутникового ТБ,Setting up satellite TV,Nastavení satelitní televize,Прошивка тюнера,Tuner firmware,Firmware tuneru
Налаштування супутникового ТБ,Setting up satellite TV,Nastavení satelitní televize,Інші налаштування супутникового ТБ,Other Satellite TV settings,Další nastavení satelitní televize
Ремонт оргтехніки,Repair of office equipment,Oprava kancelářského vybavení,Заправка картриджів,Cartridge dressing,Doplňování kazet
Ремонт оргтехніки,Repair of office equipment,Oprava kancelářského vybavení,Ремонт принтерів,Repair of printers,Oprava tiskárny
Ремонт оргтехніки,Repair of office equipment,Oprava kancelářského vybavení,Ремонт БФП,Repair of BFP,Oprava multifunkčních zařízení
Ремонт оргтехніки,Repair of office equipment,Oprava kancelářského vybavení,Ремонт проєкторів,Repair of projects,Oprava projektoru
Ремонт оргтехніки,Repair of office equipment,Oprava kancelářského vybavení,Ремонт шредерів,Repair of shreders,Oprava skartovacího stroje
Ремонт оргтехніки,Repair of office equipment,Oprava kancelářského vybavení,Ремонт сканерів,Scanner repair,Oprava skeneru
Ремонт оргтехніки,Repair of office equipment,Oprava kancelářského vybavení,Ремонт факсів,Fax repair,Oprava faxu
Ремонт оргтехніки,Repair of office equipment,Oprava kancelářského vybavení,Інший ремонт оргтехніки,Other repair of office equipment,Ostatní opravy kancelářského vybavení
Ремонт техніки для краси і догляду,Repair of beauty and care technique,Opravy kosmetického a pečovatelského vybavení,Ремонт фенів,Repair of hair dryers,Oprava fénu na vlasy
Ремонт техніки для краси і догляду,Repair of beauty and care technique,Opravy kosmetického a pečovatelského vybavení,Ремонт машинок для стрижки,Repair of cars for haircut,Oprava strojku na stříhání vlasů
Ремонт техніки для краси і догляду,Repair of beauty and care technique,Opravy kosmetického a pečovatelského vybavení,Ремонт бритв і епіляторів,Repair of razors and epilators,Oprava holicího strojku a epilátoru
Ремонт техніки для краси і догляду,Repair of beauty and care technique,Opravy kosmetického a pečovatelského vybavení,Ремонт тренажерів,Repair of simulators,Oprava trenažéru
Ремонт техніки для краси і догляду,Repair of beauty and care technique,Opravy kosmetického a pečovatelského vybavení,Ремонт плойок,Repair of curls,Oprava kulmy
Ремонт техніки для краси і догляду,Repair of beauty and care technique,Opravy kosmetického a pečovatelského vybavení,Ремонт приладів для манікюру і педикюру,Manicure and pedicure repair,Oprava zařízení pro manikúru a pedikúru
Ремонт техніки для краси і догляду,Repair of beauty and care technique,Opravy kosmetického a pečovatelského vybavení,Ремонт іншої техніки для краси,Repair of other technique for beauty,Opravy ostatních kosmetických zařízení
Ремонт електроінструментів,Repair of power tools,Oprava elektrického nářadí,Ремонт електропил і бензопил,Repair of electric saws and chainsaw,Oprava elektrické a řetězové pily
Ремонт електроінструментів,Repair of power tools,Oprava elektrického nářadí,Ремонт фрезерів,Repair of milling cutters,Oprava frézovacího stroje
Ремонт електроінструментів,Repair of power tools,Oprava elektrického nářadí,Ремонт фарбопультів,Repair of painthopults,Oprava stříkací pistole
Ремонт електроінструментів,Repair of power tools,Oprava elektrického nářadí,Ремонт перфораторів,Repair of perforators,Oprava vrtacího kladiva
Ремонт електроінструментів,Repair of power tools,Oprava elektrického nářadí,Ремонт шуруповертів,Repair of screwdrivers,Oprava aku vrtačky
Ремонт електроінструментів,Repair of power tools,Oprava elektrického nářadí,Ремонт болгарок,Bulgarian repair,Oprava brusky
Ремонт електроінструментів,Repair of power tools,Oprava elektrického nářadí,Ремонт електродрилів,Repair of electric drills,Oprava vrtačky
Ремонт електроінструментів,Repair of power tools,Oprava elektrického nářadí,Ремонт будівельних фенів,Repair of construction hair dryers,Oprava stavebního fénu
Ремонт електроінструментів,Repair of power tools,Oprava elektrického nářadí,Ремонт електролобзика,Repair of electric fret saw,Opravy přímočaré pily
Ремонт електроінструментів,Repair of power tools,Oprava elektrického nářadí,Інший ремонт електроінструментів,Other repair of power tools,Ostatní opravy elektrického nářadí
Ремонт медтехніки,Repair of medical equipment,Oprava zdravotnického vybavení,Ремонт медтехніки,Repair of medical equipment,Oprava zdravotnického vybavení
Ремонт електротранспорту,Repair of electric transport,Oprava elektrických dopravních prostředků,Ремонт гіроскутерів,Repair of gyro scooters,Oprava kolonožky
Ремонт електротранспорту,Repair of electric transport,Oprava elektrických dopravních prostředků,Ремонт моноколіс,Monocolis repair,Oprava jednokolky
Ремонт електротранспорту,Repair of electric transport,Oprava elektrických dopravních prostředků,Ремонт електросамокатів,Repair of electrics,Opravy elektrické koloběžky
Ремонт електротранспорту,Repair of electric transport,Oprava elektrických dopravních prostředků,Ремонт гіробордів,Gyrobord repair,Oprava gyroboardu
Ремонт електротранспорту,Repair of electric transport,Oprava elektrických dopravních prostředků,Ремонт електровелосипедів,Repair of electric bicycle,Oprava elektrokola
Ремонт електротранспорту,Repair of electric transport,Oprava elektrických dopravních prostředků,Ремонт електроскутерів,Repair of electric scooters,Oprava elektrického skútru
Ремонт електротранспорту,Repair of electric transport,Oprava elektrických dopravních prostředků,Ремонт сігвеїв,Repair of Sigveev,Oprava Segway
Ремонт електротранспорту,Repair of electric transport,Oprava elektrických dopravních prostředků,Ремонт іншого електротранспорту,Repair of other electric transport,Opravy ostatních elektrických vozidel
Ремонт садовопаркової техніки,Repair of gardening equipment,Oprava zahradní techniky,Ремонт газонокосарок,Repair of lawn mowers,Oprava sekačky
Ремонт садовопаркової техніки,Repair of gardening equipment,Oprava zahradní techniky,Ремонт мотокіс і тримерів,Motokis and trimmer repair,Oprava křovinořezu a strunové sekačky
Ремонт садовопаркової техніки,Repair of gardening equipment,Oprava zahradní techniky,Ремонт мотоблоків,Repair of motor -blocks,Oprava kultivátoru
Ремонт садовопаркової техніки,Repair of gardening equipment,Oprava zahradní techniky,Ремонт насосів,Repair of pumps,Oprava čerpadla
Ремонт садовопаркової техніки,Repair of gardening equipment,Oprava zahradní techniky,Ремонт мінітракторів,Repair of minitractors,Oprava minitraktoru
Ремонт садовопаркової техніки,Repair of gardening equipment,Oprava zahradní techniky,Ремонт бензинових генераторів,Repair of gasoline generators,Oprava benzínového generátoru
Ремонт садовопаркової техніки,Repair of gardening equipment,Oprava zahradní techniky,Ремонт мотобурів,Motobur repair,Oprava pádové vrtačky
Ремонт садовопаркової техніки,Repair of gardening equipment,Oprava zahradní techniky,Ремонт мийок високого тиску,High pressure washing,Oprava vysokotlakového čističe
Ремонт садовопаркової техніки,Repair of gardening equipment,Oprava zahradní techniky,Інший ремонт садовопаркової техніки,Another repair of gardening equipment,Ostatní opravy zahradní techniky
Встановлення і ремонт систем безпеки,Installation and repair of safety systems,Instalace a oprava bezpečnostních systémů,Монтаж відеоспостереження,Installation of video surveillance,Instalace kamerového systému
Встановлення і ремонт систем безпеки,Installation and repair of safety systems,Instalace a oprava bezpečnostních systémů,Встановлення охоронної сигналізації,Installation of security alarm,Instalace bezpečnostního poplašného systému
Встановлення і ремонт систем безпеки,Installation and repair of safety systems,Instalace a oprava bezpečnostních systémů,Встановлення пожежної сигналізації,Installation of fire alarm,Instalace systému požární signalizace
Встановлення і ремонт систем безпеки,Installation and repair of safety systems,Instalace a oprava bezpečnostních systémů,Встановлення систем контролю доступу,Establishment of access control systems,Instalace systému kontroly přístupu
Встановлення і ремонт систем безпеки,Installation and repair of safety systems,Instalace a oprava bezpečnostních systémů,Встановлення системи Розумний будинок,Installing the system smart house,Instalace systému Smart home
Встановлення і ремонт систем безпеки,Installation and repair of safety systems,Instalace a oprava bezpečnostních systémů,Встановлення інших систем безпеки,Installing other security systems,Instalace dalších bezpečnostních systémů
Ремонтні работи,Rabota repair,Rekonstrukční práce,Ремонт під ключ,Turnkey repair,Rekonstrukce na klíč
Ремонтні работи,Rabota repair,Rekonstrukční práce,Укладання декоративної плитки,Laying decorative tiles,Pokládka dekorativních dlažby
Ремонтні работи,Rabota repair,Rekonstrukční práce,Шпаклівка стін та стелі,Putty walls and ceilings,Tmelení stěn a stropu
Ремонтні работи,Rabota repair,Rekonstrukční práce,Утеплення,Warming,Izolace stěn a stropu
Ремонтні работи,Rabota repair,Rekonstrukční práce,Монтаж опалення,Installation of heating,Instalace vytápění
Ремонтні работи,Rabota repair,Rekonstrukční práce,Монтаж гіпсокартону,Installation of drywall,Montáž sádrokartonových desek
Ремонтні работи,Rabota repair,Rekonstrukční práce,Малярні роботи,Painting works,Malířské práce
Ремонтні работи,Rabota repair,Rekonstrukční práce,Грунтовка поверхонь,The primer of surfaces,Základní nátěr povrchů
Ремонтні работи,Rabota repair,Rekonstrukční práce,Поклейка шпалер,Wallpaper,Tapetování
Ремонтні работи,Rabota repair,Rekonstrukční práce,Робота з підлогою,Working with the floor,Práce s podlahou
Ремонтні работи,Rabota repair,Rekonstrukční práce,Монтаж теплої підлоги,Installation of warm floor,Instalace podlahového vytápění
Ремонтні работи,Rabota repair,Rekonstrukční práce,Установка і ремонт дверей,Installation and repair of doors,Montáž a oprava dveří
Ремонтні работи,Rabota repair,Rekonstrukční práce,Полірування мармуру,Polishing marble,Leštění mramoru
Ремонтні работи,Rabota repair,Rekonstrukční práce,Установка і ремонт вікон,Installation and repair of windows,Montáž a oprava oken
Ремонтні работи,Rabota repair,Rekonstrukční práce,Стельові работи,Ceiling Rabota,Stropní práce
Ремонтні работи,Rabota repair,Rekonstrukční práce,Робота зі склом,Working with glass,Práce se sklem
Ремонтні работи,Rabota repair,Rekonstrukční práce,Звукоізоляція,Sound insulation,Zvuková izolace
Ремонтні работи,Rabota repair,Rekonstrukční práce,Інші ремонтні роботи,Other repair work,Ostatní opravy
Будівельні роботи,Construction works,Stavební práce,Різноробочі,Handymen,Pomocník (Nádeník)
Будівельні роботи,Construction works,Stavební práce,Зварювальні роботи,Welding work,Svářečské práce
Будівельні роботи,Construction works,Stavební práce,Токарні роботи,Turning works,Soustružnické práce
Будівельні роботи,Construction works,Stavební práce,Тесляр,Carpenter,Tesař
Будівельні роботи,Construction works,Stavební práce,Кладка цегли,Brick laying,Pokládání cihel
Будівельні роботи,Construction works,Stavební práce,Установка заборів та воріт,Installation of fences and gates,"Instalace plotů, vrat a bran"
Будівельні роботи,Construction works,Stavební práce,Покрівельні роботи,Roofing works,Střešní práce
Будівельні роботи,Construction works,Stavební práce,Бетонні роботи,Concrete works,Betonářské práce
Будівельні роботи,Construction works,Stavební práce,Бурові роботи,Boring,Vrtné práce
Будівельні роботи,Construction works,Stavební práce,Фундаментні роботи,Fundamental work,Zemní práce
Будівельні роботи,Construction works,Stavební práce,Будівництво будинків,Construction of houses,Výstavba domu
Будівельні роботи,Construction works,Stavební práce,Гідроізоляція,Waterproofing,Hydroizolace
Будівництво дрібних конструкцій,Construction of small structures,Výstavba malých objektů,Будівництво лазні,Construction of a bath,Stavba saunového venkovního domku
Будівництво дрібних конструкцій,Construction of small structures,Výstavba malých objektů,Будівництво гаража,Construction of a garage,Stavba garáže
Будівництво дрібних конструкцій,Construction of small structures,Výstavba malých objektů,Будівництво альтанок,Construction of arbors,Stavba altánu
Будівництво дрібних конструкцій,Construction of small structures,Výstavba malých objektů,Будівництво печі і каміна,Construction of a furnace and fireplace,Stavba kamen a krbu
Будівництво дрібних конструкцій,Construction of small structures,Výstavba malých objektů,Будівництво теплиць,Construction of greenhouses,Stavba skleníku
Будівництво дрібних конструкцій,Construction of small structures,Výstavba malých objektů,Будівництво сараю,Construction of a barn,Stavba stodoly
Будівництво дрібних конструкцій,Construction of small structures,Výstavba malých objektů,Будівництво веранди,Construction of the veranda,Stavba verandy
Будівництво дрібних конструкцій,Construction of small structures,Výstavba malých objektů,Виготовлення та монтаж сходів,Production and installation of stairs,Výroba a montáž schodů
Будівництво дрібних конструкцій,Construction of small structures,Výstavba malých objektů,Будівництво мангалів і барбекю,Construction of barbecue and barbecue,Stavba grilu a udírny
Будівництво дрібних конструкцій,Construction of small structures,Výstavba malých objektů,Будівництво басейнів,Construction of pools,Stavba bazénu
Будівництво дрібних конструкцій,Construction of small structures,Výstavba malých objektů,Інші дрібні конструкції,Other small designs,Ostatní drobné stavby
Будівництво дрібних конструкцій,Construction of small structures,Výstavba malých objektů,Ландшафтні роботи,Landscape works,Zahradní práce
Ландшафтний дизайн,Landscaping,Krajinářská architektura,Установка автополиву,Installation of auto flooring,Instalace automatického zavlažování
Ландшафтний дизайн,Landscaping,Krajinářská architektura,Озеленення та благоустрій,Landscaping and landscaping,Terénní úpravy a úprava krajiny
Ландшафтний дизайн,Landscaping,Krajinářská architektura,Оформлення та створення газону,Registration and creation of a lawn,Návrh a vytvoření trávníku
Ландшафтний дизайн,Landscaping,Krajinářská architektura,Геодезичні роботи,Geodetic work,Geodetické práce
Ландшафтний дизайн,Landscaping,Krajinářská architektura,Дренажні роботи,Drainage works,Odvodňovací práce
Ландшафтний дизайн,Landscaping,Krajinářská architektura,Інші ландшафтні роботи,Other landscape works,Ostatní krajinářské práce
Архітектура та проектування,Architecture and design,Architektura a design,Складання кошторисів,Drawing up estimates,Vypracování odhadů
Архітектура та проектування,Architecture and design,Architektura a design,Земляні роботи,Earthworks,Zemní práce
Монтаж вентиляції,Installation of ventilation,Montáž ventilace,Монтаж вентиляції,Installation of ventilation,Montáž ventilace
Промисловий альпінізм,Industrial mountaineering,Průmyslové horolezectví,Промисловий альпінізм,Industrial mountaineering,Průmyslové horolezectví
Розбір завалів,Analysis of rubble,Analýza a rozbor suti,Розбір завалів,Analysis of rubble,Analýza a rozbor suti
Побутові послуги,Household services,Služby pro domácnost,Сад і город,Garden and garden,Zahrada a zeleninová zahrada
Побутові послуги,Household services,Služby pro domácnost,Няні,Nanny,Chůva
Побутові послуги,Household services,Služby pro domácnost,Послуги доглядальниці,Caregiver services,Ošetřovatelské služby
Побутові послуги,Household services,Služby pro domácnost,Послуги домробітниці,Household services,Služby hospodyně
Побутові послуги,Household services,Služby pro domácnost,Послуги швачки,Seamstress services,Služby švadleny
Побутові послуги,Household services,Služby pro domácnost,Ремонт взуття,Shoe repair,Opravy obuvi
Побутові послуги,Household services,Služby pro domácnost,Послуги кухаря,Cook services,Kuchařské služby
Побутові послуги,Household services,Služby pro domácnost,Прання та прасування речей,Washing and ironing things,Praní a žehlení oděvů
Побутові послуги,Household services,Služby pro domácnost,"Ремонт сумок, валіз та рюкзаків","Repair of bags, suitcases and backpacks","Oprava tašek, kufrů a batohů"
Побутові послуги,Household services,Služby pro domácnost,Ремонт велосипедів,Bicycle repair,Oprava jízdních kol
Побутові послуги,Household services,Služby pro domácnost,Заточення інструментів,Sharpening tools,Broušení nástrojů
Побутові послуги,Household services,Služby pro domácnost,Ремонт ювелірних виробів,Repair of jewelry,Oprava šperků
Побутові послуги,Household services,Služby pro domácnost,Ремонт годинників,Watter repair,Oprava hodinek
Побутові послуги,Household services,Služby pro domácnost,Інші побутові послуги,Other household services,Ostatní služby pro domácnost
Фото і відеопослуги,Photos and video services,Foto a video služby,Фотограф,Photographer,Fotograf
Фото і відеопослуги,Photos and video services,Foto a video služby,Відеооператор,A video operator,Kameraman
Фото і відеопослуги,Photos and video services,Foto a video služby,Обробка фотографій,Photo processing,Zpracování fotografií
Фото і відеопослуги,Photos and video services,Foto a video služby,Монтаж відео,Installation of video,Úprava videa
Фото і відеопослуги,Photos and video services,Foto a video služby,Оцифровка відеокасет,Digitizing video tape,Digitalizace videokazet
Фото і відеопослуги,Photos and video services,Foto a video služby,Аерозйомка,Aeer,Letecké fotografování
Фото і відеопослуги,Photos and video services,Foto a video služby,Випускні альбоми,Graduation albums,Maturitní alba
Фото і відеопослуги,Photos and video services,Foto a video služby,Інші послуги фото і відео,Other Photo and Video Services,Další fotografické a video služby
Дизайн,Design,Design,Розробка логотипів,Development of logos,Tvorba loga
Дизайн,Design,Design,Дизайн інтер'єру,Interior design,Design interiéru
Дизайн,Design,Design,Дизайн сайту,Site design,Návrh webových stránek
Дизайн,Design,Design,Дизайн поліграфії,Design of printing,Tiskový design
Дизайн,Design,Design,Послуги друку,Print services,Tiskové služby
Дизайн,Design,Design,Малюнки та ілюстрації,Drawings and illustrations,Kresby a ilustrace
Дизайн,Design,Design,Дизайн банерів,Banner design,Návrh banneru
Дизайн,Design,Design,3D дизайн,3D design,3D design
Дизайн,Design,Design,Розробка інфографіки,Development of infographics,Tvorba infografiky
Дизайн,Design,Design,UI/UX дизайн,Ui/ux design,Návrh UI/UX
Дизайн,Design,Design,Інше в дизайні,Other in design,Ostatní v designu
Робота в Інтернеті,Work on the Internet,Práce na internetu,Копірайтинг,Copywriting,Copywriting
Робота в Інтернеті,Work on the Internet,Práce na internetu,"Збір, пошук інформації","Gathering, finding information","Shromažďování, vyhledávání informací"
Робота в Інтернеті,Work on the Internet,Práce na internetu,Наповнення сайтів,Filling sites,Plnění obsahu webových stránek
Робота в Інтернеті,Work on the Internet,Práce na internetu,Набір тексту,Set of text,Transkriptor
Робота в Інтернеті,Work on the Internet,Práce na internetu,Рерайтінг,Rejeting,Rewriting
Робота в Інтернеті,Work on the Internet,Práce na internetu,Введення даних,Data entry,Zadávání dat
Робота в Інтернеті,Work on the Internet,Práce na internetu,Розшифровка інтерв'ю,Interviewing,Přepis rozhovorů
Робота в Інтернеті,Work on the Internet,Práce na internetu,Створення презентацій,Creating presentations,Tvorba prezentací
Робота в Інтернеті,Work on the Internet,Práce na internetu,Інша онлайн робота,Another online work,Další práce online
Реклама і маркетинг,Advertising and marketing,Reklama a marketing,Реклама в Інтернеті,Advertising on the Internet,Reklama na internetu
Реклама і маркетинг,Advertising and marketing,Reklama a marketing,Реклама в соціальних мережах,Advertising on social networks,Reklama na sociálních sítích
Реклама і маркетинг,Advertising and marketing,Reklama a marketing,SEO Просування сайтів,SEO Site promotion,SEO webových stránek
Реклама і маркетинг,Advertising and marketing,Reklama a marketing,Поширення реклами,Advertising,Propagace reklamy
Реклама і маркетинг,Advertising and marketing,Reklama a marketing,Виготовлення та монтаж зовнішньої реклами,Production and installation of outdoor advertising,Výroba a instalace venkovní reklamy
Реклама і маркетинг,Advertising and marketing,Reklama a marketing,Послуги промоутерів,Services of promoters,Služby promotérů
Реклама і маркетинг,Advertising and marketing,Reklama a marketing,Послуги звукорежисера,Services of sound engineer,Služby zvukaře
Реклама і маркетинг,Advertising and marketing,Reklama a marketing,Послуги моделі,Model services,Modeling
Реклама і маркетинг,Advertising and marketing,Reklama a marketing,Інша реклама,Another advertisement,Ostatní reklamní služby
Розробка сайтів та додатків,Development of sites and applications,Vývoj a tvorba webových stránek a aplikací,Створення сайтів,Creating sites,Tvorba webových stránek
Розробка сайтів та додатків,Development of sites and applications,Vývoj a tvorba webových stránek a aplikací,Доробка сайту,Site refinement,Úprava webových stránek
Розробка сайтів та додатків,Development of sites and applications,Vývoj a tvorba webových stránek a aplikací,Створення Landing page,Creating Landing Page,Tvorba úvodní stránky
Розробка сайтів та додатків,Development of sites and applications,Vývoj a tvorba webových stránek a aplikací,Верстка сайту,Site layout,Rozložení webových stránek
Розробка сайтів та додатків,Development of sites and applications,Vývoj a tvorba webových stránek a aplikací,Тестування ПЗ (),Testing software (),Testování softwaru
Розробка сайтів та додатків,Development of sites and applications,Vývoj a tvorba webových stránek a aplikací,Впровадження,Implementation,Implementace webových stránek
Розробка сайтів та додатків,Development of sites and applications,Vývoj a tvorba webových stránek a aplikací,Встановлення 1С,Installation 1C,Instalace 1C
Розробка сайтів та додатків,Development of sites and applications,Vývoj a tvorba webových stránek a aplikací,Послуги в сфері IT,IT services,Služby v oblasti IT
Розробка сайтів та додатків,Development of sites and applications,Vývoj a tvorba webových stránek a aplikací,Розробка мобільних додатків,Development of mobile applications,Tvorba mobilních aplikací
Розробка сайтів та додатків,Development of sites and applications,Vývoj a tvorba webových stránek a aplikací,Розробка ігор,Development of games,Tvorba her
Розробка сайтів та додатків,Development of sites and applications,Vývoj a tvorba webových stránek a aplikací,Створення та розробка технічного завдання,Creating and developing a technical task,Tvorba a vývoj technických specifikací
Розробка сайтів та додатків,Development of sites and applications,Vývoj a tvorba webových stránek a aplikací,Інші роботи з розробки сайтів,Other site development work,Další práce na vývoji webových stránek
Послуги для тварин,Animal services,Služby pro zvířata,Догляд за котами,Cat care,Péče o kočky
Послуги для тварин,Animal services,Služby pro zvířata,Догляд за собаками,Dog care,Péče o psy
Послуги для тварин,Animal services,Služby pro zvířata,Готель для тварин,Animal Hotel,Hotel pro zvířata
Послуги для тварин,Animal services,Služby pro zvířata,Перевезення тварин,Animal transportation,Přeprava zvířat
Послуги для тварин,Animal services,Služby pro zvířata,Догляд за рибками,Caring for fish,Péče o ryby
Послуги для тварин,Animal services,Služby pro zvířata,Догляд за гризунами,Rodent care,Péče o hlodavce
Послуги для тварин,Animal services,Služby pro zvířata,Догляд за птахами,Birds care,Péče o ptáky
Послуги для тварин,Animal services,Služby pro zvířata,Догляд за рептиліями,Care for reptiles,Péče o plazy
Послуги для тварин,Animal services,Služby pro zvířata,Онлайн консультація ветеринара,Online vet consultation,Online veterinární konzultace
Послуги для тварин,Animal services,Služby pro zvířata,Інші зоопослуги,Other zoo services,Další služby pro domácí zvířata
Бюро перекладів,Translation agency,Překladatelské služby,Письмові переклади,Written translations,Písemné překlady
Бюро перекладів,Translation agency,Překladatelské služby,Редактура перекладу,Translation editor,Editace překladu
Бюро перекладів,Translation agency,Překladatelské služby,Переклад документів та нотаріальне завірення,Translation of documents and notarization,Překlad dokumentů a notářské ověření
Бюро перекладів,Translation agency,Překladatelské služby,Усні переклади,Oral translations,Tlumočení
Бюро перекладів,Translation agency,Překladatelské služby,Технічний переклад,Technical translation,Technický překlad
Бюро перекладів,Translation agency,Překladatelské služby,Переклад вебсайтів,Translation of websites,Překlad webových stránek
Бюро перекладів,Translation agency,Překladatelské služby,Переклад аудіо та відео,Translated by audio and video,Překlad zvuku a videa
Бюро перекладів,Translation agency,Překladatelské služby,Апостиль і легалізація,Apostille and legalization,Apostila a legalizace
Бюро перекладів,Translation agency,Překladatelské služby,Інший переклад,Another translation,Ostatní překlady
Організація свят,Organization of holidays,Organizace událostí,Послуги ведучого,Services of the presenter,Služby moderátora
Організація свят,Organization of holidays,Organizace událostí,Музичний супровід,Musical accompaniment,Hudební doprovod
Організація свят,Organization of holidays,Organizace událostí,Послуги аніматорів,Animator services,Služby animátorů
Організація свят,Organization of holidays,Organizace událostí,Організація харчування,Organization of food,Cateringové služby
Організація свят,Organization of holidays,Organizace událostí,Випічка та десерти,Baking and desserts,Moučníky a dezerty
Організація свят,Organization of holidays,Organizace událostí,Персонал для заходів,Staff for activities,Personál pro akce
Організація свят,Organization of holidays,Organizace událostí,Оформлення свят,Design of holidays,Výzdoba akcí
Організація свят,Organization of holidays,Organizace událostí,Свято під ключ,Turnkey holiday,Akce na klíč
Організація свят,Organization of holidays,Organizace událostí,Інші івент послуги,Other services,Další služby pro události
Послуги репетиторів,Tutor services,Služby lektora,Послуги репетиторів,Tutor services,Služby lektora
Послуги репетиторів,Tutor services,Služby lektora,Логопед,Speech therapist,Logoped
Послуги репетиторів,Tutor services,Služby lektora,Репетитори з математики,Mathematics tutors,Lektor matematiky
Послуги репетиторів,Tutor services,Služby lektora,Репетитор з інформатики,Tutor in computer science,Lektor informatiky
Послуги репетиторів,Tutor services,Služby lektora,Репетитор з вищої математики,A tutor from higher mathematics,Lektor vyšší matematiky
Послуги репетиторів,Tutor services,Služby lektora,Репетитори для підготовки до школи,Tutors to prepare for school,Lektor pro přípravu do školy
Послуги репетиторів,Tutor services,Služby lektora,Репетитор з геометрії,Geometry tutor,Lektor geometrie
Послуги репетиторів,Tutor services,Služby lektora,Репетитори для початкової школи,Tutors for elementary school,Lektor pro základní školy
Послуги репетиторів,Tutor services,Služby lektora,Репетитор з алгебри,Algebra tutor,Lektor algebry
Послуги репетиторів,Tutor services,Služby lektora,Репетитор з програмування,Programming tutor,Lektor programování
Послуги репетиторів,Tutor services,Služby lektora,Репетитори з фізики,Physics tutors,Lektor fyziky
Послуги репетиторів,Tutor services,Služby lektora,Репетитор з історії,A tutor from history,Lektor dějepisu
Послуги репетиторів,Tutor services,Služby lektora,Репетитор з географії,Geography tutor,Lektor zeměpisu
Послуги репетиторів,Tutor services,Služby lektora,Репетитор з біології,Biology tutor,Lektor biologie
Послуги репетиторів,Tutor services,Služby lektora,Репетитор з літератури,Literature tutor,Lektor literatury
Послуги репетиторів,Tutor services,Služby lektora,Репетитори з хімії,Chemistry tutors,Lektor chemie
Послуги репетиторів,Tutor services,Služby lektora,Репетитори з малювання,Drawing tutors,Lektor malby
Послуги репетиторів,Tutor services,Služby lektora,Репетитори з економіки,Economics tutors,Lektor v oblasti ekonomie
Послуги репетиторів,Tutor services,Služby lektora,Репетитор з макроекономіки,Macroeconomic tutor,Lektor makroekonomie
Послуги репетиторів,Tutor services,Služby lektora,Репетитор з нарисної геометрії,A tutor of sketch geometry,Lektor deskriptivní geometrie
Послуги репетиторів,Tutor services,Služby lektora,Репетитори з опору матеріалів,Tutors from materials resistance,Lektor v oblasti odolnosti materiálů
Послуги репетиторів,Tutor services,Služby lektora,Репетитори з креслення,Drawing tutors,Lektor kreslení
Послуги репетиторів,Tutor services,Služby lektora,Репетитори з філософії,Philosophy tutors,Lektor v oblasti filozofie
Послуги репетиторів,Tutor services,Služby lektora,Репетитори з теоретичної механіки,Tutors from theoretical mechanics,Lektor teoretické mechaniky
Послуги репетиторів,Tutor services,Služby lektora,Репетитори з психології,Psychology tutors,Lektor v oblasti psychologie
Послуги репетиторів,Tutor services,Služby lektora,Репетитор з правознавства,A jurisprudence tutor,Lektor v oblasti práva
Послуги репетиторів,Tutor services,Služby lektora,Репетитор з мікроекономіки,Microeconomics tutor,Lektor mikroekonomie
Послуги репетиторів,Tutor services,Služby lektora,Репетитор з менеджменту,Management tutor,Lektor v oblasti managementu
Послуги репетиторів,Tutor services,Služby lektora,Інші викладачі предметів,Other teachers of subjects,Lektoři ostatních předmětů
Репетитори з іноземних мов,Foreign language tutors,Lektoři cizích jazyků,Репетитор англійської мови,English tutor,Lektor anglického jazyka
Репетитори з іноземних мов,Foreign language tutors,Lektoři cizích jazyků,Англійська для дітей,English for children,Angličtina pro děti
Репетитори з іноземних мов,Foreign language tutors,Lektoři cizích jazyků,Репетитор німецької мови,German tutor,Lektorka německého jazyka
Репетитори з іноземних мов,Foreign language tutors,Lektoři cizích jazyků,Репетитор української мови,Tutor of the Ukrainian language,Lektor ukrajinského jazyka
Репетитори з іноземних мов,Foreign language tutors,Lektoři cizích jazyků,Репетитори з польської мови,Tutors from Polish,Lektoři polského jazyka
Репетитори з іноземних мов,Foreign language tutors,Lektoři cizích jazyků,Репетитори з російської мови,Tutors from Russian,Lektoři ruského jazyka
Репетитори з іноземних мов,Foreign language tutors,Lektoři cizích jazyků,Репетитори з італійської мови,Italian tutors,Lektor italského jazyka
Репетитори з іноземних мов,Foreign language tutors,Lektoři cizích jazyků,Репетитор французької мови,French tutor,Lektor francouzského jazyka
Репетитори з іноземних мов,Foreign language tutors,Lektoři cizích jazyků,Репетитор іспанської мови,Spanish tutor,Lektor španělského jazyka
Репетитори з іноземних мов,Foreign language tutors,Lektoři cizích jazyků,Репетитори з японської мови,Japanese tutors,Lektor japonského jazyka
Репетитори з іноземних мов,Foreign language tutors,Lektoři cizích jazyků,Репетитори зі шведської мови,Swedish tutors,Lektor švédského jazyka
Репетитори з іноземних мов,Foreign language tutors,Lektoři cizích jazyků,Репетитори з чеської мови,Czech tutors,Lektor českého jazyka
Репетитори з іноземних мов,Foreign language tutors,Lektoři cizích jazyků,Репетитори білоруської мови,Tutors of the Belarusian language,Lektor běloruského jazyka
Репетитори з іноземних мов,Foreign language tutors,Lektoři cizích jazyků,Репетитори казахської мови,Kazakh tutors,Lektor kazašského jazyka
Репетитори з іноземних мов,Foreign language tutors,Lektoři cizích jazyků,Репетитори з хінді,Tutors with Hindi,Lektor hindského jazyka
Репетитори з іноземних мов,Foreign language tutors,Lektoři cizích jazyků,Репетитори з угорської мови,Hungarian tutors,Lektor maďarského jazyka
Репетитори з іноземних мов,Foreign language tutors,Lektoři cizích jazyků,Репетитори з фінської мови,Tutors from Finnish,Lektor finského jazyka
Репетитори з іноземних мов,Foreign language tutors,Lektoři cizích jazyků,Репетитори з грецької мови,Greek tutors,Lektor řeckého jazyka
Репетитори з іноземних мов,Foreign language tutors,Lektoři cizích jazyků,Репетитори з турецької мови,Turkish tutors,Lektor tureckého jazyka
Репетитори з іноземних мов,Foreign language tutors,Lektoři cizích jazyků,Репетитори румунської мови,Romanian tutors,Lektor rumunského jazyka
Репетитори з іноземних мов,Foreign language tutors,Lektoři cizích jazyků,Репетитори з норвезької мови,Norwegian tutors,Lektor norského jazyka
Репетитори з іноземних мов,Foreign language tutors,Lektoři cizích jazyků,Репетитори з арабської мови,Arabic tutors,Lektor arabského jazyka
Репетитори з іноземних мов,Foreign language tutors,Lektoři cizích jazyků,Репетитори з латині,Latin tutors,Lektor latiny
Репетитори з іноземних мов,Foreign language tutors,Lektoři cizích jazyků,Репетитори з корейської мови,Korean tutors,Lektor korejského jazyka
Репетитори з іноземних мов,Foreign language tutors,Lektoři cizích jazyků,Репетитори з китайської мови,Chinese tutors,Lektor čínského jazyka
Репетитори з іноземних мов,Foreign language tutors,Lektoři cizích jazyků,Репетитори з нідерландської мови,Tutors from the Dutch language,Lektor nizozemského jazyka
Репетитори з іноземних мов,Foreign language tutors,Lektoři cizích jazyků,Репетитори з івриту,Hebrew tutors,Lektor hebrejského jazyka
Репетитори з іноземних мов,Foreign language tutors,Lektoři cizích jazyků,Репетитори з данської мови,Danish tutors,Lektor dánského jazyka
Репетитори з іноземних мов,Foreign language tutors,Lektoři cizích jazyků,Інші викладачі іноземних мов,Other teachers of foreign languages,Ostatní učitelé cizích jazyků
Написання робіт,Writing works,Písemné práce,Реферати,Abstracts,Referát
Написання робіт,Writing works,Písemné práce,Курсові,Coursework,Seminární práce
Написання робіт,Writing works,Písemné práce,Дипломні,Diploma,Diplomové práce
Написання робіт,Writing works,Písemné práce,Конспекти,Summary,Synopsis
Написання робіт,Writing works,Písemné práce,Контрольні,Control,Testy
Написання робіт,Writing works,Písemné práce,Інше в написанні робіт,Other in writing works,Ostatní při psaní práce
Викладачі музики,Music teachers,Učitel hudby,Репетитори з фортепіано,Piano tutors,Lektor klavíru
Викладачі музики,Music teachers,Učitel hudby,Репетитори з сольфеджіо,Tutors from solfeggio,Lektor solfége
Викладачі музики,Music teachers,Učitel hudby,Репетитори з вокалу,Vocal tutors,Lektor zpěvu
Викладачі музики,Music teachers,Učitel hudby,Репетитори з гітари,Guitar tutors,Lektor hry na kytaru
Викладачі музики,Music teachers,Učitel hudby,Репетитори з гри на барабанах,Tutors from the game on drums,Lektor bubnování
Викладачі музики,Music teachers,Učitel hudby,Репетитори з флейти,Flute tutors,Lektor hry na flétnu
Викладачі музики,Music teachers,Učitel hudby,Репетитори зі скрипки,Filak tutors,Lektor hry na housle
Викладачі музики,Music teachers,Učitel hudby,Репетитори з саксофону,Saxophone tutors,Lektor saxofonu
Викладачі музики,Music teachers,Učitel hudby,Інші викладачі музики,Other music teachers,Ostatní učitelé hudby
Автоінструктори,Auto instructors,Instruktoři řízení ,Водіння (АКПП),Driving (automatic transmission),Řízení (automatická převodovka)
Автоінструктори,Auto instructors,Instruktoři řízení ,Водіння (МКПП),Driving (ICPP),Řízení (manuální převodovka)
Автоінструктори,Auto instructors,Instruktoři řízení ,ПДР (теорія),DA (theory),Pravidla silničního provozu (teorie)
Автоінструктори,Auto instructors,Instruktoři řízení ,Екстремальне водіння,Extreme driving,Extrémní jízda
Автоінструктори,Auto instructors,Instruktoři řízení ,Водіння мотоцикла,Driving a motorcycle,Řízení motocyklu
Автоінструктори,Auto instructors,Instruktoři řízení ,Пілотування,Piloting,Pilotáž
Автоінструктори,Auto instructors,Instruktoři řízení ,Інше навчання водінню,Another driving training,Další školení řidičů
Послуги тренерів,Trainers,Služby trenéra,Йога,Yoga,Jóga
Послуги тренерів,Trainers,Služby trenéra,Груповий фітнес,Group fitness,Skupinový fitness
Послуги тренерів,Trainers,Služby trenéra,Шейпінг,Shaping,Shaping
Послуги тренерів,Trainers,Služby trenéra,Художня гімнастика,Gymnastics,Moderní gymnastika
Послуги тренерів,Trainers,Služby trenéra,Фітбол,Fitball,Fitball
Послуги тренерів,Trainers,Služby trenéra,Стретчинг,Stretching,Stretching
Послуги тренерів,Trainers,Služby trenéra,Бодіфлекс,Bodiflex,Bodyflex
Послуги тренерів,Trainers,Služby trenéra,Ритміка,Rhythmic,Rytmika
Послуги тренерів,Trainers,Služby trenéra,Пілатес,Pilates,Pilates
Послуги тренерів,Trainers,Služby trenéra,Калланетика,Callnetics,Kalanetika
Послуги тренерів,Trainers,Služby trenéra,Аеробіка,Aerobics,Aerobik
Послуги тренерів,Trainers,Služby trenéra,Інший груповий фітнес,Another group fitness,Ostatní druhy fitnessu
Ігрові тренери,Game trainers,Sportovní trenér,Футбол,Football,Fotbal
Ігрові тренери,Game trainers,Sportovní trenér,Фехтування,Fencing,Šermování
Ігрові тренери,Game trainers,Sportovní trenér,Сквош,Square,Squash
Ігрові тренери,Game trainers,Sportovní trenér,Настільний теніс,Table tennis,Stolní tenis
Ігрові тренери,Game trainers,Sportovní trenér,Легка атлетика,Athletics,Atletika
Ігрові тренери,Game trainers,Sportovní trenér,Кінний спорт,Horse sport,Jezdecký sport
Ігрові тренери,Game trainers,Sportovní trenér,Гольф,Golf,Golf
Ігрові тренери,Game trainers,Sportovní trenér,Волейбол,Volleyball,Volejbal
Ігрові тренери,Game trainers,Sportovní trenér,Великий теніс,Tennis,Tenis
Ігрові тренери,Game trainers,Sportovní trenér,Більярд,Billiards,Kulečník
Ігрові тренери,Game trainers,Sportovní trenér,Баскетбол,Basketball,Basketbal
Ігрові тренери,Game trainers,Sportovní trenér,Інші ігрові види спорту,Other game sports,Ostatní herní sporty
Ігрові тренери,Game trainers,Sportovní trenér,Водні види спорту,Water sports,Vodní sporty
Ігрові тренери,Game trainers,Sportovní trenér,Синхронне плавання,Synchronous swimming,Synchronizované plavání
Ігрові тренери,Game trainers,Sportovní trenér,Плавання,Swimming,Plavání
Ігрові тренери,Game trainers,Sportovní trenér,Дайвінг,Diving,Potápění
Ігрові тренери,Game trainers,Sportovní trenér,Гребля,Dam,Veslování
Ігрові тренери,Game trainers,Sportovní trenér,Водне поло,Water polo,Vodní pólo
Ігрові тренери,Game trainers,Sportovní trenér,Аквааеробіка,Aqua aerobics,Aqua aerobik
Ігрові тренери,Game trainers,Sportovní trenér,Інші водні види спорту,Other water sports,Ostatní vodní sporty
Бойові мистецтва та силовий спорт,Martial arts and power sports,Bojová umění a silové sporty,Тхеквондо,Taekwondo,Taekwondo
Бойові мистецтва та силовий спорт,Martial arts and power sports,Bojová umění a silové sporty,Самбо,Sambo,Sambo
Бойові мистецтва та силовий спорт,Martial arts and power sports,Bojová umění a silové sporty,Ушу,Wush,Wushu
Бойові мистецтва та силовий спорт,Martial arts and power sports,Bojová umění a silové sporty,Тайський бокс,Thai boxing,Thajský box
Бойові мистецтва та силовий спорт,Martial arts and power sports,Bojová umění a silové sporty,Рукопашний бій,Dogfight,Rukopašný boj
Бойові мистецтва та силовий спорт,Martial arts and power sports,Bojová umění a silové sporty,Кікбоксинг,Kickboxing,Kickbox
Бойові мистецтва та силовий спорт,Martial arts and power sports,Bojová umění a silové sporty,Карате,Karate,Karate
Бойові мистецтва та силовий спорт,Martial arts and power sports,Bojová umění a silové sporty,Капоейра,Kapoira,Capoeira
Бойові мистецтва та силовий спорт,Martial arts and power sports,Bojová umění a silové sporty,Дзюдо,Judo,Judo
Бойові мистецтва та силовий спорт,Martial arts and power sports,Bojová umění a silové sporty,Джиуджитсу,Jujjjts,Jujitsu
Бойові мистецтва та силовий спорт,Martial arts and power sports,Bojová umění a silové sporty,Грекоримська боротьба,Grecorian struggle,Řecko-římský zápas
Бойові мистецтва та силовий спорт,Martial arts and power sports,Bojová umění a silové sporty,Вільна боротьба,Wrestling,Zápas ve volném stylu
Бойові мистецтва та силовий спорт,Martial arts and power sports,Bojová umění a silové sporty,Бокс,Boxing,Boxování
Бойові мистецтва та силовий спорт,Martial arts and power sports,Bojová umění a silové sporty,Бої без правил,Battles without rules,Boj bez pravidel
Бойові мистецтва та силовий спорт,Martial arts and power sports,Bojová umění a silové sporty,Айкідо,Aikido,Aikido
Бойові мистецтва та силовий спорт,Martial arts and power sports,Bojová umění a silové sporty,Інші бойові мистецтва,Other martial arts,Ostatní bojová umění
Бойові мистецтва та силовий спорт,Martial arts and power sports,Bojová umění a silové sporty,Силові види спорту,Power sports,Silové sporty
Бойові мистецтва та силовий спорт,Martial arts and power sports,Bojová umění a silové sporty,Важка атлетика,Weightlifting,Vzpírání
Бойові мистецтва та силовий спорт,Martial arts and power sports,Bojová umění a silové sporty,Спортивна гімнастика,Sports gymnastics,Sportovní gymnastika
Бойові мистецтва та силовий спорт,Martial arts and power sports,Bojová umění a silové sporty,Пауерліфтинг,Powerlifting,Powerlifting
Бойові мистецтва та силовий спорт,Martial arts and power sports,Bojová umění a silové sporty,Кросфіт,Crossfit,Crossfit
Бойові мистецтва та силовий спорт,Martial arts and power sports,Bojová umění a silové sporty,Бодібілдинг,Bodybuilding,Kulturistika
Бойові мистецтва та силовий спорт,Martial arts and power sports,Bojová umění a silové sporty,Акробатика,Acrobatics,Akrobacie
Бойові мистецтва та силовий спорт,Martial arts and power sports,Bojová umění a silové sporty,Армрестлінг,Armrestling,Zápas na rukou
Бойові мистецтва та силовий спорт,Martial arts and power sports,Bojová umění a silové sporty,Інші силові види спорту,Other power sports,Ostatní silové sporty
Хореографія,Choreography,Choreografie,Уроки з художньої гімнастики,Gymnastics lessons,Lekce moderní gymnastiky
Хореографія,Choreography,Choreografie,Уроки брейкдансу,Brugdan lessons,Lekce break dance
Хореографія,Choreography,Choreografie,Уроки стриппластики,Stripplasty lessons,Lekce strip plastic
Хореографія,Choreography,Choreografie,Уроки Хіпхопу,Hiphop lessons,Lekce hip hopu
Хореографія,Choreography,Choreografie,Уроки спортивних танців,Sports dance lessons,Lekce tanečního sportu
Хореографія,Choreography,Choreografie,Народні танці,Folk dances,Lekce lidového tance
Хореографія,Choreography,Choreografie,Уроки латиноамериканських танців,Latin American dance lessons,Lekce latinskoamerického tance
Хореографія,Choreography,Choreografie,Уроки східних танців,Oriental dance lessons,Lekce orientálního tance
Хореографія,Choreography,Choreografie,Уроки балету,Ballet lessons,Lekce baletu
Хореографія,Choreography,Choreografie,Інше в хореографії,Other in choreography,Ostatní v choreografii
Послуги краси і здоров'я,Beauty and Health Services,Služby v oblasti krásy a zdraví,Масаж,Massage,Masáž
Послуги краси і здоров'я,Beauty and Health Services,Služby v oblasti krásy a zdraví,Догляд за нігтями,Nail care,Péče o nehty
Послуги краси і здоров'я,Beauty and Health Services,Služby v oblasti krásy a zdraví,Косметологія,Cosmetology,Kosmetologie
Послуги краси і здоров'я,Beauty and Health Services,Služby v oblasti krásy a zdraví,Догляд за віями,Care for eyelashes,Péče o řasy
Послуги краси і здоров'я,Beauty and Health Services,Služby v oblasti krásy a zdraví,Догляд за бровами,Eyebrow care,Péče o obočí
Послуги краси і здоров'я,Beauty and Health Services,Služby v oblasti krásy a zdraví,Перманентний макіяж,Permanent makeup,Permanentní make-up
Послуги краси і здоров'я,Beauty and Health Services,Služby v oblasti krásy a zdraví,Перукарські послуги,Hairdressing services,Kadeřnické služby
Послуги краси і здоров'я,Beauty and Health Services,Služby v oblasti krásy a zdraví,Депіляція,Depilation,Depilační služby
Послуги краси і здоров'я,Beauty and Health Services,Služby v oblasti krásy a zdraví,Послуги візажиста-стиліста,Makeup artist services,Služby vizážistky
Послуги краси і здоров'я,Beauty and Health Services,Služby v oblasti krásy a zdraví,Макіяж,Makeup,Make-up služby
Послуги краси і здоров'я,Beauty and Health Services,Služby v oblasti krásy a zdraví,Психолог,Psychologist,Psycholog
Послуги краси і здоров'я,Beauty and Health Services,Služby v oblasti krásy a zdraví,Дієтолог,Nutritionist,Odborník na výživu
Послуги краси і здоров'я,Beauty and Health Services,Služby v oblasti krásy a zdraví,Інший догляд за собою,Another care of self,Další péče o sebe
Ділові послуги,Business services,Obchodní služby,Бухгалтерські послуги,Accounting services,Účetní služby
Ділові послуги,Business services,Obchodní služby,Юридичні послуги,Legal Services,Právní služby
Ділові послуги,Business services,Obchodní služby,Ріелтор,The realtor,Realitní kancelář
Ділові послуги,Business services,Obchodní služby,Послуги коллцентру,Collect Center services,Služby call centra
Ділові послуги,Business services,Obchodní služby,Фінансові послуги,financial services,Finanční služby
Ділові послуги,Business services,Obchodní služby,Консалтингові послуги,Consulting services,Poradenské služby
Ділові послуги,Business services,Obchodní služby,Кадрові послуги,Personnel services,Personální služby
Ділові послуги,Business services,Obchodní služby,Послуги безпеки,Security services,Bezpečnostní služby
Ділові послуги,Business services,Obchodní služby,Послуги у сфері міграції,Migration Services,Služby v oblasti migrace
Ділові послуги,Business services,Obchodní služby,Інші ділові послуги,Other business services,Ostatní obchodní služby
Ремонт авто,Car repair,Oprava automobilů,Допомога в дорозі,Help on the road,Pomoc na cestách
Ремонт авто,Car repair,Oprava automobilů,Технічне обслуговування та діагностика,Maintenance and diagnosis,Údržba a diagnostika
Ремонт авто,Car repair,Oprava automobilů,Автоелектрика,Autoelectric,Autoelektrika
Ремонт авто,Car repair,Oprava automobilů,Кузовні роботи,Body work,Práce na karoserii
Ремонт авто,Car repair,Oprava automobilů,Двигун,Engine,Motor
Ремонт авто,Car repair,Oprava automobilů,Коробка перемикання передач,Gearbox box,Převodovka
Ремонт авто,Car repair,Oprava automobilů,Догляд за салоном,Care for the salon,Péče o interiér
Ремонт авто,Car repair,Oprava automobilů,Ремонт і заміна автоскла,Repair and replacement,Opravy a výměny autoskel
Ремонт авто,Car repair,Oprava automobilů,Ходова частина,Chassis,Podvozek
Ремонт авто,Car repair,Oprava automobilů,Рульова система,The steering system,Systém řízení
Ремонт авто,Car repair,Oprava automobilů,Гальмівна система,Brake system,Brzdový systém
Ремонт авто,Car repair,Oprava automobilů,Вихлопна система,Exhaust system,Výfukový systém
Ремонт авто,Car repair,Oprava automobilů,Шиномонтаж,Tire,Montáž pneumatik
Ремонт авто,Car repair,Oprava automobilů,Ремонт і обслуговування автокондиціонерів,Repair and maintenance of auto -conditioners,Opravy a údržba klimatizací
Ремонт авто,Car repair,Oprava automobilů,Встановлення газобалонного обладнання (ГБО),Installation of aerobal equipment (HBO),Instalace zařízení plynových lahví
Ремонт авто,Car repair,Oprava automobilů,Ремонт мототехніки,Motochinics repair,Opravy motorových vozidel
Ремонт авто,Car repair,Oprava automobilů,Автострахування,Auto insurance,Pojištění vozidel
Ремонт авто,Car repair,Oprava automobilů,Інший ремонт авто,Another car repair,Ostatní opravy automobilů